章节名称,章节短名称,url名称,可达到原文该章节的所有链接链接,能否直接在本网站展示,级别,预警
01.借问梅花何处落,第一章,chapter-1
02.斜分细雨又迎春,第二章,chapter-2
03.小楼一夜听春雨,第三章,chapter-3
04.寒霜长剑一杯酒,第四章,chapter-4
05.多情剑客无情剑,第五章,chapter-5
06.江湖夜雨十年灯,第六章,chapter-6
07.水光山色与人亲,第七章,chapter-7
08.何妨吟啸且徐行,第八章,chapter-8
09.半为怜春半恼春,第九章,chapter-9
10.谁诉别来沧海事,第十章,chapter-10
11.为复浮生是梦中,第十一章,chapter-11
12.此时此夜难为情,第十二章,chapter-12
13.昨夜星辰昨夜风,第十三章,chapter-13,,,18+
14.观数点茗旧浮花,第十四章,chapter-14
15.山雨欲来风满楼,第十五章,chapter-15
16.长顾流光不忍抛,第十六章,chapter-16
17.浪花有意千重雪,第十七章,chapter-17
18.桃李无言一队春,第十八章,chapter-18
19.曾经沧海难为水,第十九章,chapter-19
20.珠箔飘灯独自归,第二十章,chapter-20
21.君于觉路深留意,第二十一章,chapter-21
22.孤花一叶表春余,第二十二章,chapter-22
23.一剑霜寒十四州,第二十三章,chapter-23
24.了知生死不相关,第二十四章,chapter-24
25.世间无数丹青手,第二十五章,chapter-25
26.刺得龙血画眉红,第二十六章,chapter-26
27.算来一梦总浮生,第二十七章,chapter-27
28.我是人间惆怅客,第二十八章,chapter-28
29.唯将终夜长开眼,第二十九章,chapter-29
30.风吹一夜满关山,第三十章,chapter-30
番外 子非喻，焉知喻之乐？,番外1,bonus-1
番外 当时共我赏花人,番外2,bonus-2
番外 别离还有经年客,番外3,bonus-3
番外 当时年少春衫薄,番外4,bonus-4